1-gallon paint bucket, 2G Robotics structured light laser, 55-gallon drum, Abralia, Abraliopsis, Abraliopsis (Boreabraliopsis) felis, Abyssoberyx, Abyssocladia, Abyssocladia lakwollii, Abyssocucumis abyssorum, Abyssopathes, Abyssopathes lyra, Acanella, Acanella dispar, Acanella weberi, Acanthacaris tenuimana, Acanthamunnopsis, Acanthamunnopsis milleri, Acanthascinae, Acanthascinae sp. 1-4 complex, Acanthascinae sp. 2, Acanthascinae sp. 4, Acanthascus, Acanthephyra, Acanthephyra eximia, Acanthephyra sp., Acanthogorgia, Acanthogorgia sp., Acanthonus armatus, Acanthopathes, Acanthoptilum, Acanthurus xanthopterus, Acesta, Acesta mori, Acesta sphoni, Actinaria, Actinauge verrillii, Actinernus, Actinernus nobilis, Actiniaria, Actiniidae, Actiniidae sp. 1, Actinopteri, Actinopterygii, Actinoscyphia, Actinostolidae, Actinostoloidea, ADCP, Aegidae, Aegina, Aegina citrea, Aegina rosea, Aeginona, Aeginona sp., Aeginura, Aeolidiidae sp. 1, Aequorea, Aequorea aequorea, Agalma, Aglantha, Aglantha digitale, Agonidae, Agononida, Akoya, Akoya platinum, Albatrossia, Albatrossia pectoralis, Alciopidae, Alcockianum, Alcockianum alcockianum, Alcockianum sp., Alcyonacea, Alcyoniidae, Aldrovandia, Aldrovandia affinis, Aldrovandia phalacra, Aldrovandia rostrata, Aldrovandia sp., Alepisaurus ferox, Alepocephalidae, Alepocephalus tenebrosus, Alicia, Allocentrotus fragilis, Alopias superciliosus, Alternatipathes, Alternatipathes alternata, Alternatipathes bipinnata, Alternatipathes cf. alternata, Alviniconcha hessleri, Amathillopsis, Amathillopsis annectens, Amblyraja hyperborea, Amperima rosea, Amphianthus, Amphianthus sp., Amphidiscella, Amphidiscella sp., Amphipoda, Anarrhichthys ocellatus, Anchinothria fissurata, anchor, Anemone, Anguilliformes, Animalia, Annelida, Anomura, Anoplogaster cornuta, Anoplopoma fimbria, Anotopterus nikparini, Anseropoda, Antedonidae, Antedonoidea, Antedonoidea sp. 1, Anthoathecata, Anthomastus, Anthomastus sp., Anthomastus tahinodus, Anthoptilidae, Anthoptilum, Anthoptilum grandiflorum, Anthoptilum lithophilum, Anthoptilum sp., Anthozoa, Antigonia, Antimora, Antimora microlepis, Antipatharia, Antipathella, Antipathes, Antipathes leptocrada, Anuropus, Aphanipathes, Aphanopus, Aphyonidae, Aplacophora, Apogon pacificus, Apolemia, Apolemia lanosa, Apolemia rubriversa, Apollonaster kelleyi, Aporocidaris milleri, Apostichopus, Apostichopus californicus, Apostichopus leukothele, Appendicularia, Apristurus, Apristurus brunneus, Apristurus kampae, Arachnactidae, Arachnactis, Archaeobalanidae, Archeterokrohnia docrickettsae, Arcturidae, Ariomma, Aristeus, Arthropoda, Articulata, Asbestopluma, Asbestopluma desmophora, Asbestopluma monticola, Asbestopluma rickettsi, Asceptrulum, Ascidiacea, Asellota, Aspidodiadema, Aspidodiadema cf. hawaiiense, Aspidodiadema hawaiiense, Aspidodiadema sp., Aspidoscopulia, Aspidoscopulia sp., Asteriidae, asteroid feeding depression, Asteroidea, Asteroidea sp. 1, Asteronyx, Asteronyx longifissus, Asteronyx loveni, Asteronyx luzonicus, Asteroschema, Asterozoa, Asthenactis, Asthenactis fisheri, Asthenactis papyraceus, Asthenactis sp., Astroceramus, Astroceras, Astronesthes, Astropecten, Astropectinidae, Astrophiura, Atelecrinidae, Atlantisella, Atlantisella sp., Atolla, Atolla gigantea, Atolla parva, Atolla vanhoeffeni, Atolla wyvillei, Auloplax, Aulosphaera, Aurelia aurita, Austinograea, Babamunida, Babamunida plexaura, bacterial mat, Balanoidea, Balanophyllia, Barathrites, Barathrites/n. genus, Barathronus, Barbourisia rufa, Bargmannia, Bargmannia elongata, Bargmannia lata, Bassogigas, Bassogigas sp., Bassogigas walkeri, Bassogigas1, Bassozetus, Bassozetus sp., Bateidae, Bathochordaeus, Bathochordaeus charon, Bathochordaeus mcnutti, Bathochordaeus sinker, Bathochordaeus stygius, Bathocyroe fosteri, Bathyalcyon robustum, Bathybembix, Bathyceramaster, Bathyceramaster sp., Bathycongrus, Bathycongrus macrurus, Bathycrinidae, Bathycrininae, Bathycrinus, Bathycrinus complanatus, Bathydoris aioca, Bathydorus, Bathydorus laevis pseudospinosus, Bathydorus laniger, Bathydorus sp. 1, Bathygorgia, Bathygorgia abyssicola, Bathygorgia tasmaniensis, Bathykorus, Bathylagidae, Bathylagus, Bathymetra, Bathymetrinae, Bathymodiolus, Bathypalaemonella, Bathypalaemonella sp., Bathypathes, Bathypathes conferta, Bathypathes n., Bathypathes patula, Bathypathes seculata, Bathypathes sp., Bathyphellia, Bathyphellia australis, Bathyphylax pruvosti, Bathyplotes, Bathypterois, Bathypterois atricolor, Bathypterois grallator, Bathypterois pectinatus, Bathyraja, Bathyraja abyssicola, Bathyraja cf. microtrachys, Bathyraja kincaidii, Bathyraja microtrachys, Bathyraja spinosissima, Bathyraja trachura, Bathysaurus mollis, Bathysiphon, Bathystylodactylus bathyalis, Bathyteuthis, Bathyteuthis berryi, Bathytroctes/Narcetes, Bathytyphlops marionae, Bathyuroconger, Bathyuroconger vicinus, Bebryce, BED, bedding, Bellonella, Bembradium, Bembradium roseum, Benthalbella, Benthesicymus, Benthesicymus laciniatus, Benthesicymus sp., Benthic Instrument Node, Benthic Respiration System, Benthic Rover, Benthocodon, Benthocodon pedunculata, Benthocometes, Benthocometes australiensis, Benthoctopus, Benthoctopus sp. 1, Benthodytes, Benthodytes sp. 1, Benthonectes, Benthopecten, Benthopecten claviger, Benthopectinidae, Benthothuria, Benthothuria sp., Beringraja rhina, Beroe, Beroe abyssicola, Beroe cucumis, Beroe forskalii, Beroe gracilis, Beroida, Beryx decadactylus, Beryx splendens, Beuroisia major, Bioluminescent screen, Bird water sampler, Biremis, Bivalvia, Bodianus cylindriatus, Bodianus diplotaenia, Bodianus thoracotaeniatus, Bolinopsis, Bolinopsis infundibulum, Bolocera, Bolocera kensmithi, Bolosoma, Bolosoma sp., Bolosominae, Bonellia viridis, Boreomysis, Boreomysis californica, Bothrocara brunneum, Botrucnidifer, Botrynema brucei, bottle, bottle-2, boulder, Brachiopoda, Brachyura, Branchinotogluma, Branchiocerianthus, Branchiocerianthus imperator, Bregmaceros bathymaster, Brisaster, Brisinga, Brisingaster, Brisingaster robillardi, Brisingida, Brisingidae, Brotula multibarbata, Bryozoa, Buccinidae, Bullagummizoanthus emilyacadiaarum, Buskiella, Bythograea thermydron, cable, cable spool, Caecosagitta macrocephala, Caenogastropoda, Caenopedina, Caenopedina hawaiiensis, Caenopedina pulchella, cage, Calappidae, Calibelemnon, Calibelemnon symmetricum, Calliaster, Calliaster pedicellaris, Calliaster sp., Callionymidae, Calliostoma, Calliostomatidae, Callistoctopus, Callogorgia, Callogorgia cracentis, Callogorgia formosa, Callogorgia gilberti, Callogorgia robusta, Calocarcinus, Calocarides quinqueseriatus, Calycophorae, Calyptogena, Calyptogena extenta, Calyptogena magnifica, Calyptrophora, Calyptrophora angularis, Calyptrophora carinata, Calyptrophora clarki, Calyptrophora diaphana, Calyptrophora distolos, Calyptrophora lyra, Calyptrophora pileata, Calyptrophora pourtalesi, Calyptrophora sp., Calyptrophora wyvillei, Camptoplites sp. A, can, Canalipalpata, Cancridae, Candelabridae, Candelabridae sp. 1, Candidella, Candidella gigantea, Candidella helminthophora, Caprellidae, Carcharhinus albimarginatus, cardboard, Careproctus, Careproctus kamikawai, Careproctus melanurus, Careproctus ovigerus, Caridea, Caridea sp. 2, Carinaria japonica, Caryophyllia, Caryophyllia atlantica, Caryophyllia/Javania, Caryophylliidae, Cataetyx, Cataetyx hawaiiensis, Caulophacus, Caulophacus sp., Centroberyx druzhinini, Centrodraco, Cephalopholis igarashiensis, Cephalopoda, Cephalurus cephalus, Ceramaster, Cerataspis, Cerataspis monstrosus, Ceriantharia, Ceriantharia sp. 1, Ceriantharia sp. 2, Ceriantharia sp. 3, Cerianthidae, Cetomimus, Cetostoma regani, cf. Hansenothuria sp., Chaceon, Chaenophryne, Chaetodon humeralis, Chaetognatha, Chaetopterus pugaporcinus, Charitometridae, Chauliodus, Chaunacops coloratus, Chaunax, Chaunax endeavouri, Chaunax penicillatus, Chaunax umbrinus, Cheilostomatida, Cheiraster, Cherublemma emmelas, Chiasmodontidae, Chilara taylori, Chionoecetes tanneri, Chirostylidae, Chirostylus, Chiroteuthis, Chiroteuthis calyx, Chlopsis, Chlorophthalmus, Chlorophthalmus proridens, Chondrocladia (Symmetrocladia) lyra, Chondrocladia lyra, Chondrocladia sp. 4, Chondrocladia sp. A, Chonelasma, Chonelasma sp., Chonelasmatinae, Chonelasmatinae sp. 1, Chorilia, Chorilia longipes, Chrionema chryseres, Chromis limbaughi, Chromista, Chrysaora, Chrysaora colorata, Chrysaora fuscescens, Chrysogorgia, Chrysogorgia abludo, Chrysogorgia admete, Chrysogorgia chryseis, Chrysogorgia flavescens, Chrysogorgia geniculata, Chrysogorgia monticola, Chrysogorgia pinnata, Chrysogorgia sp., Chrysogorgia stellata, Chrysogorgia tricaulis, Chrysogorgidae, Chrysogorgiidae, Chrysopathes, Chuniphyes, Chuniphyes moserae, Chuniphyes multidentata, Cidaridae, Cidaris cidaris, Ciliopagurus, Circeaster arandae, Circeaster pullus, Circeaster sandrae, Circeaster sp., "Cirrata ""egg""", Cirripedia, Cirroteuthis, Cirrothauma, Cladopathidae, Cladorhiza, Cladorhiza kensmithi, Cladorhizidae, Cladorhizidae sp. A, Clausophyes, Clausophyes moserae, Clausophyes tropica, Clausophyidae, Clavularia, Clio, Clio andreae, Clio cuspidata, Clio polita, Clio pyramidata, Clione, Clione limacina, Clypeaster lytopetalus, Cnemidocarpa, Cnemidocarpa finmarkiensis, Cnidaria, Coelorinchus, "Coelorinchus ""multibarred""", Coelorinchus aratrum, Coelorinchus cingulatus, Coelorinchus doryssus, Coelorinchus scaphopsis, Coelorinchus spilonotus, Coelorinchus tokiensis, Coenocyathus, coiled fecal cast, colander, Colobonema sericeum, Colossendeidae, Colossendeis, Comatulida, Comatulidae, Comatulidina, Conger oligoporus, Conopora unifacialis, Conus, Copepoda, Corallimorpharia, Corallimorphidae, Corallimorphus, Corallimorphus denhartogi, Corallimorphus pilatus, Corallimorphus rigidus, Corallistes, Corallium, Corbitella, Corbitellinae, Cordagalma, Corolla, Corolla spectabilis, Coronaster, Coronaster halicepus, Coronatae, Corymorpha, Corymorpha sp., Corymorphidae, Corynascidia, Corynascidia sp., Coryphaenoides, Coryphaenoides acrolepis, Coryphaenoides acrolepis-filifer complex, Coryphaenoides armatus, Coryphaenoides armatus-leptolepis-yaquinae complex, Coryphaenoides armatus-yaquinae complex, Coryphaenoides capito, Coryphaenoides filifer, Coryphaenoides leptolepis, Coryphaenoides longicirrhus, Coryphaenoides longifilis, Coryphaenoides sp., Coryphaenoides yaquinae, Cranchia, Cranchia scabra, Cranchiidae, Craseoa, Craseoa lathetica, Crateromorpha, Creseis, Creseis virgula, Crinoidea, Crossaster, Crossaster borealis, Crossota alba, Crossota millsae, Crossota rufobrunnea, Crotalometra, Crustacea, Crypthelia, Crypthelia kelleyi, Crystallophyes, Crystallophyes amygdalina, Ctenophora, Ctenophore, Ctenophoricola, Culeolus, Culeolus barryi, Culeolus recumbens, Culeolus sp. 2, Cunina, Cupressopathes, Cupressopathes abies, Cyathidium, Cyclosalpa, Cyclothone, Cyclothone pallida, Cyclothone parapallida, Cydippida, Cydippida 2, Cyema atrum, Cyllometra manca, Cypraeidae, Cyrtomaia smithi, Cystechinus giganteus, Cystechinus loveni, Cystisoma, Cystocrepis setigera, Cyttomimus, Cyttopsis rosea, Decapoda, DeepPIV 1.0, DeepPIV 2.0, DeepPIV 3.0, Deepstaria, Deepstaria enigmatica, Deepstaria reticulum, Deimatidae, Deiopea, Delectopecten, Democrinus japonicus, Demospongiae, Demospongiae sp. 1, Dendronotus patricki, Dendropathes, Dendropathes bacotaylorae, Dendrophyllia, Dendrophylliidae, Desbruyeresia, Desmodema lorum, Desmophyes, Desmophyes annectens, Desmophyes haematogaster, Desmophyllum, Desmophyllum dianthus, detrital aggregate, Detritus Sampler, Dexaminidae, Diadematoida, Diastobranchus capensis, diatom, Dibranchus, Dibranchus hystrix, Dibranchus sp. A, Dibranchus spinosus, Dicrolene, Dictyaulus, Dictyaulus sp., Dictyaulus starmeri, Dictyocalyx, Didemnidae, Diogenidae, Diomedea, Diplacanthopoma, DiplacanthopomaA, DiplacanthopomaB, Dipsacaster, Dipsacaster eximius, Distichopora, Distichoptilum, Distichoptilum gracile, Docosaccus maculatus, Dofleinia, Doliolenetta, Dolioletta, Doliolida, Doliolidae, Doliolidina, Doliolina (Doliolinetta), Doliolula equus, Doryteuthis, Doryteuthis (Amerigo) opalescens, Doryteuthis opalescens, Dosidicus gigas, dover sole, Dromalia, Dromalia alexandri, drop weight, Dye Injector, Dysalotus, Dytaster, Dytaster gilberti, Earleria, Earleria corachloeae, Earleria purpurea, Echinidae, Echinidea, Echinocrepis rostrata, Echinocrepis setigera, Echinoidea, Echinorhinus cookei, Echinothuriidae, Echinothurioida, Echiura, "Echiura ""mucus tube""", Ectenagena elongata, Ectreposebastes imus, Edwardsiella, Edwardsiidae, eggcase, eggs, Egregia menziesii, Eguchipsammia, Eguchipsammia fistula, Eknomisis, Eleutherobia, Ellisellidae, Elpidia, Elpidia sp. A, Elpidiidae, Embassichthys bathybius, Enallopsammia, Enallopsammia pusilla, Enallopsammia rostrata, Endoxocrinus, Engraulis mordax, Enteroctopus, Enteroctopus dofleini, Enteropneusta, Entosphenus tridentatus, Enypniastes, Eopsetta jordani, Epetriodus freddyi, Epialtidae, Epigonidae, Epigonus, Epigonus atherinoides, Epigonus glossodontus, Epimenia, Epimenia sp., Epimeria, Epinephelus labriformis, Epizoanthus stellaris, Eptatretus, Eptatretus carlhubbsi, Eptatretus sinus, equipment, Erenna, Erenna cornuta, Erenna insidiator, Erenna laciniata, Erenna richardi, Erenna sirena, Eretmichthys pinnatus, Etelis, Etelis carbunculus, Etelis coruscans, Etelis radiosus, Etmopteridae, Etmopterus, Eualus, Eualus macrophthalmus, Euchirella bitumida, Eucryphycus californicus, Eukrohnia fowleri, Eulimidae, Eumedusa, Eumegistus illustris, Eumunida, Eumunida treguieri, Eumunididae, Eunicella, Euphausia, Euphausiacea, Euphausiidae, Euphysa, Euphysora gigantea, Euplectella, Euplectellidae, Euplectellinae, Euplexaura, Euplokamidae, Eurete, Euretidae, Euryalida, Euryalidae, Euryplegma, Eusergestes, Eusergestes similis, Eutima, Eutonina, Eutonina indicans, Evoplosoma, Evoplosoma forcipifera, Exocoelactis, Eye-in-the-Sea, fabric, Facciolella, Fariometra, Fariometra parvula, Farrea, Farrea nr. occa erecta, Farrea occa, Farrea truncata complex, Farreidae, fecal material, Fecampiid eggcase, fish trap, Flabellidae, Flabelligeridae, Flabellum pavoninum, Florometra, Florometra serratissima, Forcipulatacea, Forcipulatida, Forskalia, Forskalia formosa, Freyastera, Freyella, Frillagalma, Frillagalma vityazi, Fritillaria, Fritillariidae, Fungiacyathus, Fungiacyathus (Bathyactis) marenzelleri, Funiculina, Funiculina-Balticina complex, Funiculina-Halipteris complex, Gadella, Gadella jordani, Gadomus, Gadomus melanopterus, Galacantha rostrata, Galatheathuria, Galatheidae, Galatheoidea, Galiteuthis, Galiteuthis pacifica, Galiteuthis phyllura, Gammaridea, Gandalfus yunohana, Gastropoda, Gastroptychus, Gastroptychus iaspis, Gastroptychus sp., Gaza, Gaza daedala, Geodia, Geodiidae, Gephyroberyx, Gersemia juliepackardae, Geryonia, Geryonia proboscidalis, Gigantactis gargantua, Gigantocypris, Gilbertaster anacanthus, Glyphocrangon, Glyphocrangon vicaria, Glyptocephalus zachirus, Glyptometra lateralis, Gnathophis, Gnathophis cinctus, Gobiidae, Gonatidae, Gonatopsis, Gonatopsis borealis, Gonatopsis octopedatus, Gonatus, Gonatus berryi, Gonatus onyx, Gonatus pyros, Goniasteridae, Gordonopsis, Gorgoniidae, Gorgonocephalidae, Gorgonocephalus, Gorgonocephalus dolichodactylus, Gorgonocephalus eucnemis, Grammatonotus, Grammatonotus laysanus, Grammatonotus macrophthalmus, Grammicolepis brachiusculus, Graneledone, Graneledone boreopacifica, Grimalditeuthis, Grimalditeuthis bonplandi, Grimpoteuthis, Grimpoteuthis sp. 1, Grimpoteuthis sp. 5, Guentherus katoi, Guillecrinus, Gymnopraia, Gymnopraia lapislazula, Gymnorete, Gymnosarda unicolor, Gymnosomata, Gymnothorax, Gymnothorax berndti, Gymnothorax kidako, Habrocidaris, Habrocidaris sp., Halcampidae, Halcampoides, Halcurias, Halicmetus niger, Halicreas, Halieutaea, Halieutaea indica, Halieutopsis, Halimochirurgus alcocki, Haliphron atlanticus, Halipteris, Halipteris californica, Haliscera bigelowi, Haliscera conica, Halistemma rubrum, Halitrephes, Halitrephes maasi, Halosauridae, Halosaurus, Halosaurus sp., Hansenothuria, Hansenothuria benti, Haplomacrourus, Haplosclerida, Harmothoe, Harriotta raleighana, Hastigerinella digitata, Helicocranchia, Hemicorallium, Hemicorallium abyssale, Hemicorallium ducale, Hemicorallium laauense, Hemicorallium nr. laauense, Hemicorallium sp., Henricia, Henricia pauperrima, Hertwigia, Hertwigia sp., Heteralepas, Heterobranchia, Heterocarpus, Heterocarpus ensifer, Heterocarpus laevigatus, Heterocarpus sp. 1, Heterochone, Heterochone calyx, Heterochone calyx (dead), Heteropathes, Heteropathes americana, Heteropathes pacifica, Heteropathes sp., Heteropolypus, Heteropolypus ritteri, Heterorete, Heterorete sp., Heteroscleromorpha, Heterozonias alternatus, Hexacorallia, Hexactinella, Hexactinellida, Hexactinellida sp. 1, Hexactinellida sp. 2, Hexactinellida sp. 3, Hexactinellida sp. 4, Hexactinellida sp. 5, Hexactinellida sp. 6, Hexanchus griseus, Hexapathes, Hexapathes australiensis, Hexapathes heterosticha, Hexatrygon bickelli, Hippasteria, Hippasteria californica, Hippasteria imperialis, Hippasteria lepidonotus, Hippasteria muscipula, Hirudinea, Histiobranchus bathybius, Histioteuthis, Histioteuthis heteropsis, Histocidaris, Histocidaris carinata, Histocidaris variabilis, Holacanthus passer, Hollardia, Hollardia goslinei, Holocentridae, Holothuria (Vaneyothuria) zacae, Holothuroidea, Holothuroidea sp. 3, Holothuroidea sp. 4, Holothuroidea sp. 6, Holothuroidea/Actiniaria, Holtbyrnia innesi, Homerpro, Homeryon asper, Homola, Homolidae, Hoplolatilus, Hoplostethus, Hoplostethus crassispinus, Hoplostethus/Gephyroberyx, Hormathia, Hormathiidae, Hormathiidae sp. 1, Hormiphora, Hormiphora californensis, Hyalocylis striata, Hyalonema, Hyalonema (Corynonema) populiferum, Hyalonema (Corynonema) sp., Hyalonema (Oonema) bianchoratum, Hyalonema sp. 1, Hyalonematidae, Hyalostylus, Hydractiniidae, Hydrate Synthesis Chamber, Hydrodendron, Hydrodendron gorgonoide, Hydroidolina, Hydrolagus, Hydrolagus cf. trolli, Hydrolagus colliei, Hydrolagus melanophasma, Hydrolagus trolli, Hydromedusae, Hydrozoa, Hymenaster, Hymenaster koehleri, Hymenaster pentagonalis, Hymenaster sp., Hymenocephalus, Hymenodiscus, Hymenodora, Hymenodora frontalis, Hymenopenaeus, Hymenopenaeus doris, Hyocrinida, Hyocrinidae, Hyocrinus, Hyperiidae, Hyporthodus octofasciatus, Icelinus, Icelinus filamentosus, Icichthys lockingtoni, Icosteus aenigmaticus, Ijimaia plicatellus, Ijimaia/Ateleopus, Ilyophinae, Ilyophis, Ilyophis arx, Ilyophis blachei, Ilyophis sp., ink, Ink Dispenser, inner filter, Iosactis, Iosactis vagabunda, Ipnops meadi, Iridogorgia, Iridogorgia bella, Iridogorgia magnispiralis, Iridogorgia n., Iridogorgia sp., Iridogorgia splendens, Isactinernus quadrilobatus, Ischnomesidae, Ischyroceridae, Isidella, Isidella tentaculum, Isidella trichotoma, Isididae, Isocrinina, Isopoda, Isosicyonis, Japetella diaphana, Jasonisis, Jasonisis sp., Javania, Javania lamprotichum, Johnrandallia nigrirostris, Kali kerberti, Kamoharaia megastoma, Kauluzoanthus kerbyi, kelp, kelp holdfast, Kephyes, Kephyes ovata, Kerartoisidinae, Keratoisidinae, "Keratoisidinae ""ambinodal""", "Keratoisidinae ""internodal bushy""", "Keratoisidinae ""internodal Jasonisis-like""", "Keratoisidinae ""internodal planar""", "Keratoisidinae ""internodal red""", "Keratoisidinae ""internodal sparse""", "Keratoisidinae ""internodal tentacle""", "Keratoisidinae ""internodal""", "Keratoisidinae ""unbranched new""", "Keratoisidinae ""unbranched""", Keratoisidinae B clade, "Keratoisidinae B clade ""internodal""", "Keratoisidinae B clade ""unbranched""", Keratoisidinae B1 clade, "Keratoisidinae B1 clade ""unbranched""", "Keratoisidinae C clade ""internodal""", "Keratoisidinae C clade ""unbranched""", Keratoisidinae C1 clade, "Keratoisidinae C1 clade ""unbranched""", Keratoisidinae D clade, "Keratoisidinae D clade ""unbranched""", Keratoisidinae D1 clade, "Keratoisidinae D1 clade ""unbranched""", Keratoisidinae D2 clade, Keratoisidinae I4 clade, Keratoisidinae J clade, "Keratoisidinae J clade ""ambinodal""", "Keratoisidinae J clade ""internodal""", "Keratoisidinae J clade ""unbranched""", Keratoisidinae O clade, Keratoisidinae S1 clade, "Keratoisidinae S1 clade ""unbranched""", Keratoisis, Keratoisis flabellum, Keroeides mosaica, Kiyohimea usagi, Kochichthys flavofasciatus, Kophobelemnidae, Kophobelemnon, Kophobelemnon sp. 1, Krill molt, Kulamanamana haumeaae, Kumba, Kumba sp., Kuronezumia, Laemonema rhodochir, Laemonema robustum, Laetmogone, Laetmogone wyvillethomsoni, Laetmogonidae, Laganidae, Lagenorhynchus obliquidens, Lagrangian sediment trap, Lamellibrachia, Laminariales, Lamoha, Lamoha longirostris, Lamoha williamsi, Lampocteis cruentiventer, Lamprogrammus, Lamprogrammus brunswigi, Lanceolidae, Lanuginella, Laqueus, Laqueus californicus, larvacean house, Larval Sampler, Laser Raman, Latreillia metanesa, Latrunculia (Latrunculia) austini, Leachia danae, Lebbeus, Lebbeus sp., ledge, Lefroyella, Lefroyella sp., Leiodermatium, Leiopathes, Leiopathes annosa, Lensia, Lensia achilles, Lensia conoidea, Lensia multicristata, Lepidion, Lepidisis, Lepidopora, Lepidopora n., Lepidopsetta bilineata, Lepidotheca hebetis, Leptocephalus-2, Leptogorgia, Leptothecata, Leucicorus, Leucicorus atlanticus, Leucicorus lusciosus, Leuckartiara, Leuroglossus stilbius, Lillipathes, Lilyopsis, Lilyopsis fluoracantha, Limidae, line, Linopneustes, Liopropoma fasciatum, Liopropoma longilepis, Liopropoma maculatum, Liparidae, Liponema, Liponema brevicorne, Lithodes couesi, Lithodes longispina, Lithodidae, Lithodoidea, Lonchiphora